Percentiles,HTTP Request
0.1,6.0
0.2,6.0
0.3,7.0
0.4,7.0
0.5,7.0
0.6,8.0
0.7,8.0
0.8,9.0
0.9,10.0
1.0,10.0
1.1,11.0
1.2,11.0
1.3,12.0
1.4,12.0
1.5,13.0
1.6,13.0
1.7,14.0
1.8,14.0
1.9,15.0
2.0,15.0
2.1,15.0
2.2,16.0
2.3,16.0
2.4,16.0
2.5,16.0
2.6,17.0
2.7,17.0
2.8,17.0
2.9,18.0
3.0,18.0
3.1,19.0
3.2,19.0
3.3,19.0
3.4,19.0
3.5,20.0
3.6,20.0
3.7,20.0
3.8,20.0
3.9,21.0
4.0,21.0
4.1,21.0
4.2,21.0
4.3,21.0
4.4,22.0
4.5,22.0
4.6,22.0
4.7,23.0
4.8,23.0
4.9,23.0
5.0,23.0
5.1,24.0
5.2,24.0
5.3,24.0
5.4,24.0
5.5,24.0
5.6,24.0
5.7,24.0
5.8,25.0
5.9,25.0
6.0,25.0
6.1,25.0
6.2,25.0
6.3,25.0
6.4,26.0
6.5,26.0
6.6,26.0
6.7,26.0
6.8,26.0
6.9,26.0
7.0,27.0
7.1,27.0
7.2,27.0
7.3,27.0
7.4,27.0
7.5,28.0
7.6,28.0
7.7,28.0
7.8,28.0
7.9,28.0
8.0,28.0
8.1,28.0
8.2,28.0
8.3,29.0
8.4,29.0
8.5,29.0
8.6,29.0
8.7,29.0
8.8,30.0
8.9,30.0
9.0,30.0
9.1,30.0
9.2,30.0
9.3,30.0
9.4,30.0
9.5,31.0
9.6,31.0
9.7,31.0
9.8,31.0
9.9,31.0
10.0,32.0
10.1,32.0
10.2,32.0
10.3,32.0
10.4,32.0
10.5,32.0
10.6,32.0
10.7,33.0
10.8,33.0
10.9,33.0
11.0,33.0
11.1,33.0
11.2,33.0
11.3,34.0
11.4,34.0
11.5,34.0
11.6,34.0
11.7,34.0
11.8,34.0
11.9,34.0
12.0,35.0
12.1,35.0
12.2,35.0
12.3,35.0
12.4,35.0
12.5,36.0
12.6,36.0
12.7,36.0
12.8,36.0
12.9,36.0
13.0,36.0
13.1,36.0
13.2,36.0
13.3,37.0
13.4,37.0
13.5,37.0
13.6,37.0
13.7,37.0
13.8,38.0
13.9,38.0
14.0,38.0
14.1,38.0
14.2,38.0
14.3,38.0
14.4,38.0
14.5,38.0
14.6,38.0
14.7,39.0
14.8,39.0
14.9,39.0
15.0,39.0
15.1,39.0
15.2,39.0
15.3,39.0
15.4,40.0
15.5,40.0
15.6,40.0
15.7,40.0
15.8,40.0
15.9,40.0
16.0,40.0
16.1,40.0
16.2,41.0
16.3,41.0
16.4,41.0
16.5,41.0
16.6,41.0
16.7,41.0
16.8,41.0
16.9,41.0
17.0,41.0
17.1,41.0
17.2,42.0
17.3,42.0
17.4,42.0
17.5,42.0
17.6,42.0
17.7,42.0
17.8,42.0
17.9,42.0
18.0,43.0
18.1,43.0
18.2,43.0
18.3,43.0
18.4,43.0
18.5,43.0
18.6,43.0
18.7,43.0
18.8,44.0
18.9,44.0
19.0,44.0
19.1,44.0
19.2,44.0
19.3,44.0
19.4,44.0
19.5,44.0
19.6,44.0
19.7,44.0
19.8,44.0
19.9,45.0
20.0,45.0
20.1,45.0
20.2,45.0
20.3,45.0
20.4,45.0
20.5,45.0
20.6,45.0
20.7,45.0
20.8,45.0
20.9,46.0
21.0,46.0
21.1,46.0
21.2,46.0
21.3,46.0
21.4,46.0
21.5,46.0
21.6,46.0
21.7,47.0
21.8,47.0
21.9,47.0
22.0,47.0
22.1,47.0
22.2,47.0
22.3,47.0
22.4,47.0
22.5,48.0
22.6,48.0
22.7,48.0
22.8,48.0
22.9,48.0
23.0,48.0
23.1,48.0
23.2,49.0
23.3,49.0
23.4,49.0
23.5,49.0
23.6,49.0
23.7,49.0
23.8,49.0
23.9,49.0
24.0,49.0
24.1,49.0
24.2,49.0
24.3,49.0
24.4,49.0
24.5,50.0
24.6,50.0
24.7,50.0
24.8,50.0
24.9,50.0
25.0,50.0
25.1,50.0
25.2,50.0
25.3,50.0
25.4,50.0
25.5,50.0
25.6,51.0
25.7,51.0
25.8,51.0
25.9,51.0
26.0,51.0
26.1,51.0
26.2,51.0
26.3,51.0
26.4,51.0
26.5,51.0
26.6,51.0
26.7,51.0
26.8,52.0
26.9,52.0
27.0,52.0
27.1,52.0
27.2,52.0
27.3,52.0
27.4,52.0
27.5,52.0
27.6,52.0
27.7,52.0
27.8,52.0
27.9,52.0
28.0,52.0
28.1,53.0
28.2,53.0
28.3,53.0
28.4,53.0
28.5,53.0
28.6,53.0
28.7,53.0
28.8,53.0
28.9,53.0
29.0,53.0
29.1,53.0
29.2,53.0
29.3,54.0
29.4,54.0
29.5,54.0
29.6,54.0
29.7,54.0
29.8,54.0
29.9,54.0
30.0,54.0
30.1,54.0
30.2,54.0
30.3,55.0
30.4,55.0
30.5,55.0
30.6,55.0
30.7,55.0
30.8,55.0
30.9,55.0
31.0,55.0
31.1,55.0
31.2,55.0
31.3,56.0
31.4,56.0
31.5,56.0
31.6,56.0
31.7,56.0
31.8,56.0
31.9,56.0
32.0,56.0
32.1,56.0
32.2,56.0
32.3,57.0
32.4,57.0
32.5,57.0
32.6,57.0
32.7,57.0
32.8,57.0
32.9,57.0
33.0,57.0
33.1,57.0
33.2,57.0
33.3,57.0
33.4,57.0
33.5,58.0
33.6,58.0
33.7,58.0
33.8,58.0
33.9,58.0
34.0,58.0
34.1,58.0
34.2,58.0
34.3,58.0
34.4,58.0
34.5,58.0
34.6,58.0
34.7,59.0
34.8,59.0
34.9,59.0
35.0,59.0
35.1,59.0
35.2,59.0
35.3,59.0
35.4,59.0
35.5,59.0
35.6,59.0
35.7,59.0
35.8,59.0
35.9,59.0
36.0,59.0
36.1,59.0
36.2,60.0
36.3,60.0
36.4,60.0
36.5,60.0
36.6,60.0
36.7,60.0
36.8,60.0
36.9,60.0
37.0,60.0
37.1,60.0
37.2,61.0
37.3,61.0
37.4,61.0
37.5,61.0
37.6,61.0
37.7,61.0
37.8,61.0
37.9,61.0
38.0,61.0
38.1,61.0
38.2,61.0
38.3,61.0
38.4,61.0
38.5,61.0
38.6,62.0
38.7,62.0
38.8,62.0
38.9,62.0
39.0,62.0
39.1,62.0
39.2,62.0
39.3,62.0
39.4,62.0
39.5,62.0
39.6,63.0
39.7,63.0
39.8,63.0
39.9,63.0
40.0,63.0
40.1,63.0
40.2,63.0
40.3,63.0
40.4,63.0
40.5,63.0
40.6,63.0
40.7,64.0
40.8,64.0
40.9,64.0
41.0,64.0
41.1,64.0
41.2,64.0
41.3,64.0
41.4,64.0
41.5,64.0
41.6,65.0
41.7,65.0
41.8,65.0
41.9,65.0
42.0,65.0
42.1,65.0
42.2,65.0
42.3,65.0
42.4,65.0
42.5,65.0
42.6,65.0
42.7,65.0
42.8,66.0
42.9,66.0
43.0,66.0
43.1,66.0
43.2,66.0
43.3,66.0
43.4,66.0
43.5,66.0
43.6,66.0
43.7,66.0
43.8,66.0
43.9,66.0
44.0,67.0
44.1,67.0
44.2,67.0
44.3,67.0
44.4,67.0
44.5,67.0
44.6,67.0
44.7,67.0
44.8,67.0
44.9,67.0
45.0,67.0
45.1,67.0
45.2,67.0
45.3,67.0
45.4,67.0
45.5,67.0
45.6,68.0
45.7,68.0
45.8,68.0
45.9,68.0
46.0,68.0
46.1,68.0
46.2,68.0
46.3,68.0
46.4,68.0
46.5,68.0
46.6,68.0
46.7,68.0
46.8,69.0
46.9,69.0
47.0,69.0
47.1,69.0
47.2,69.0
47.3,69.0
47.4,69.0
47.5,69.0
47.6,69.0
47.7,69.0
47.8,69.0
47.9,69.0
48.0,69.0
48.1,70.0
48.2,70.0
48.3,70.0
48.4,70.0
48.5,70.0
48.6,70.0
48.7,70.0
48.8,70.0
48.9,70.0
49.0,71.0
49.1,71.0
49.2,71.0
49.3,71.0
49.4,71.0
49.5,71.0
49.6,71.0
49.7,71.0
49.8,71.0
49.9,71.0
50.0,71.0
50.1,71.0
50.2,71.0
50.3,71.0
50.4,71.0
50.5,71.0
50.6,72.0
50.7,72.0
50.8,72.0
50.9,72.0
51.0,72.0
51.1,72.0
51.2,72.0
51.3,72.0
51.4,72.0
51.5,72.0
51.6,72.0
51.7,73.0
51.8,73.0
51.9,73.0
52.0,73.0
52.1,73.0
52.2,73.0
52.3,73.0
52.4,73.0
52.5,73.0
52.6,74.0
52.7,74.0
52.8,74.0
52.9,74.0
53.0,74.0
53.1,74.0
53.2,74.0
53.3,75.0
53.4,75.0
53.5,75.0
53.6,75.0
53.7,75.0
53.8,75.0
53.9,75.0
54.0,75.0
54.1,75.0
54.2,75.0
54.3,75.0
54.4,75.0
54.5,75.0
54.6,76.0
54.7,76.0
54.8,76.0
54.9,76.0
55.0,76.0
55.1,76.0
55.2,76.0
55.3,76.0
55.4,76.0
55.5,76.0
55.6,77.0
55.7,77.0
55.8,77.0
55.9,77.0
56.0,77.0
56.1,77.0
56.2,77.0
56.3,77.0
56.4,77.0
56.5,77.0
56.6,78.0
56.7,78.0
56.8,78.0
56.9,78.0
57.0,78.0
57.1,78.0
57.2,78.0
57.3,78.0
57.4,78.0
57.5,78.0
57.6,78.0
57.7,78.0
57.8,79.0
57.9,79.0
58.0,79.0
58.1,79.0
58.2,79.0
58.3,79.0
58.4,79.0
58.5,79.0
58.6,79.0
58.7,79.0
58.8,79.0
58.9,79.0
59.0,79.0
59.1,79.0
59.2,80.0
59.3,80.0
59.4,80.0
59.5,80.0
59.6,80.0
59.7,80.0
59.8,80.0
59.9,80.0
60.0,80.0
60.1,81.0
60.2,81.0
60.3,81.0
60.4,81.0
60.5,81.0
60.6,81.0
60.7,81.0
60.8,81.0
60.9,81.0
61.0,81.0
61.1,82.0
61.2,82.0
61.3,82.0
61.4,82.0
61.5,82.0
61.6,82.0
61.7,82.0
61.8,82.0
61.9,83.0
62.0,83.0
62.1,83.0
62.2,83.0
62.3,83.0
62.4,83.0
62.5,83.0
62.6,83.0
62.7,83.0
62.8,83.0
62.9,83.0
63.0,83.0
63.1,83.0
63.2,83.0
63.3,84.0
63.4,84.0
63.5,84.0
63.6,84.0
63.7,84.0
63.8,84.0
63.9,84.0
64.0,84.0
64.1,84.0
64.2,84.0
64.3,85.0
64.4,85.0
64.5,85.0
64.6,85.0
64.7,85.0
64.8,85.0
64.9,85.0
65.0,85.0
65.1,85.0
65.2,85.0
65.3,86.0
65.4,86.0
65.5,86.0
65.6,86.0
65.7,86.0
65.8,86.0
65.9,86.0
66.0,87.0
66.1,87.0
66.2,87.0
66.3,87.0
66.4,87.0
66.5,87.0
66.6,87.0
66.7,87.0
66.8,87.0
66.9,88.0
67.0,88.0
67.1,88.0
67.2,88.0
67.3,88.0
67.4,88.0
67.5,88.0
67.6,88.0
67.7,88.0
67.8,88.0
67.9,89.0
68.0,89.0
68.1,89.0
68.2,89.0
68.3,89.0
68.4,89.0
68.5,90.0
68.6,90.0
68.7,90.0
68.8,90.0
68.9,90.0
69.0,90.0
69.1,91.0
69.2,91.0
69.3,91.0
69.4,91.0
69.5,91.0
69.6,91.0
69.7,91.0
69.8,91.0
69.9,91.0
70.0,91.0
70.1,92.0
70.2,92.0
70.3,92.0
70.4,92.0
70.5,92.0
70.6,92.0
70.7,92.0
70.8,92.0
70.9,92.0
71.0,92.0
71.1,92.0
71.2,92.0
71.3,93.0
71.4,93.0
71.5,93.0
71.6,93.0
71.7,93.0
71.8,93.0
71.9,93.0
72.0,93.0
72.1,94.0
72.2,94.0
72.3,94.0
72.4,94.0
72.5,94.0
72.6,94.0
72.7,94.0
72.8,94.0
72.9,95.0
73.0,95.0
73.1,95.0
73.2,95.0
73.3,95.0
73.4,95.0
73.5,95.0
73.6,95.0
73.7,95.0
73.8,95.0
73.9,96.0
74.0,96.0
74.1,96.0
74.2,96.0
74.3,96.0
74.4,96.0
74.5,96.0
74.6,96.0
74.7,96.0
74.8,96.0
74.9,97.0
75.0,97.0
75.1,97.0
75.2,97.0
75.3,97.0
75.4,97.0
75.5,97.0
75.6,98.0
75.7,98.0
75.8,98.0
75.9,98.0
76.0,98.0
76.1,98.0
76.2,98.0
76.3,98.0
76.4,99.0
76.5,99.0
76.6,99.0
76.7,99.0
76.8,99.0
76.9,99.0
77.0,99.0
77.1,99.0
77.2,100.0
77.3,100.0
77.4,100.0
77.5,100.0
77.6,100.0
77.7,100.0
77.8,100.0
77.9,100.0
78.0,100.0
78.1,100.0
78.2,101.0
78.3,101.0
78.4,101.0
78.5,101.0
78.6,101.0
78.7,101.0
78.8,101.0
78.9,101.0
79.0,101.0
79.1,101.0
79.2,102.0
79.3,102.0
79.4,102.0
79.5,102.0
79.6,102.0
79.7,102.0
79.8,102.0
79.9,103.0
80.0,103.0
80.1,103.0
80.2,103.0
80.3,103.0
80.4,103.0
80.5,103.0
80.6,104.0
80.7,104.0
80.8,104.0
80.9,104.0
81.0,104.0
81.1,104.0
81.2,105.0
81.3,105.0
81.4,105.0
81.5,105.0
81.6,105.0
81.7,105.0
81.8,105.0
81.9,105.0
82.0,106.0
82.1,106.0
82.2,106.0
82.3,106.0
82.4,106.0
82.5,106.0
82.6,106.0
82.7,106.0
82.8,107.0
82.9,107.0
83.0,107.0
83.1,107.0
83.2,108.0
83.3,108.0
83.4,108.0
83.5,108.0
83.6,108.0
83.7,108.0
83.8,108.0
83.9,108.0
84.0,108.0
84.1,109.0
84.2,109.0
84.3,109.0
84.4,109.0
84.5,109.0
84.6,109.0
84.7,109.0
84.8,110.0
84.9,110.0
85.0,110.0
85.1,110.0
85.2,110.0
85.3,110.0
85.4,111.0
85.5,111.0
85.6,111.0
85.7,111.0
85.8,111.0
85.9,111.0
86.0,111.0
86.1,112.0
86.2,112.0
86.3,112.0
86.4,112.0
86.5,112.0
86.6,112.0
86.7,113.0
86.8,113.0
86.9,113.0
87.0,113.0
87.1,113.0
87.2,114.0
87.3,114.0
87.4,114.0
87.5,114.0
87.6,114.0
87.7,115.0
87.8,115.0
87.9,115.0
88.0,115.0
88.1,115.0
88.2,116.0
88.3,116.0
88.4,116.0
88.5,116.0
88.6,117.0
88.7,117.0
88.8,117.0
88.9,118.0
89.0,118.0
89.1,118.0
89.2,119.0
89.3,119.0
89.4,119.0
89.5,119.0
89.6,119.0
89.7,120.0
89.8,120.0
89.9,120.0
90.0,120.0
90.1,120.0
90.2,120.0
90.3,121.0
90.4,121.0
90.5,121.0
90.6,121.0
90.7,122.0
90.8,122.0
90.9,123.0
91.0,123.0
91.1,123.0
91.2,123.0
91.3,123.0
91.4,124.0
91.5,124.0
91.6,124.0
91.7,124.0
91.8,124.0
91.9,125.0
92.0,125.0
92.1,125.0
92.2,126.0
92.3,126.0
92.4,126.0
92.5,126.0
92.6,127.0
92.7,127.0
92.8,127.0
92.9,127.0
93.0,128.0
93.1,128.0
93.2,128.0
93.3,128.0
93.4,128.0
93.5,129.0
93.6,129.0
93.7,129.0
93.8,130.0
93.9,130.0
94.0,130.0
94.1,130.0
94.2,131.0
94.3,132.0
94.4,132.0
94.5,132.0
94.6,133.0
94.7,133.0
94.8,134.0
94.9,134.0
95.0,135.0
95.1,136.0
95.2,136.0
95.3,137.0
95.4,137.0
95.5,137.0
95.6,138.0
95.7,138.0
95.8,139.0
95.9,139.0
96.0,140.0
96.1,141.0
96.2,142.0
96.3,143.0
96.4,143.0
96.5,144.0
96.6,146.0
96.7,146.0
96.8,147.0
96.9,147.0
97.0,148.0
97.1,149.0
97.2,150.0
97.3,150.0
97.4,152.0
97.5,153.0
97.6,157.0
97.7,157.0
97.8,159.0
97.9,160.0
98.0,162.0
98.1,163.0
98.2,165.0
98.3,166.0
98.4,171.0
98.5,173.0
98.6,175.0
98.7,179.0
98.8,185.0
98.9,186.0
99.0,190.0
99.1,210.0
99.2,263.0
99.3,264.0
99.4,266.0
99.5,272.0
99.6,277.0
99.7,284.0
99.8,305.0
99.9,348.0
